domain_name,label
gowperionirkutskagl.com,1
cisverionirkutskagl.com,1
wusherionirkutskagl.com,1
cimxerionirkutskagl.com,1
cyaderionirkutskagl.com,1
mcylerionirkutskagl.com,1
eiizerionirkutskagl.com,1
soulerionirkutskagl.com,1
acurerionirkutskagl.com,1
kigterionirkutskagl.com,1
signerionirkutskagl.com,1
sioterionirkutskagl.com,1
qcwnerionirkutskagl.com,1
yoalerionirkutskagl.com,1
kcyterionirkutskagl.com,1
aamferionirkutskagl.com,1
gcczerionirkutskagl.com,1
qienerionirkutskagl.com,1
yukterionirkutskagl.com,1
wimverionirkutskagl.com,1
uuynerionirkutskagl.com,1
ucanerionirkutskagl.com,1
kiuxerionirkutskagl.com,1
goszerionirkutskagl.com,1
gaalerionirkutskagl.com,1
euujerionirkutskagl.com,1
kuwterionirkutskagl.com,1
ocsferionirkutskagl.com,1
qooverionirkutskagl.com,1
misherionirkutskagl.com,1
smgberionirkutskagl.com,1
ouwderionirkutskagl.com,1
qimterionirkutskagl.com,1
ocalerionirkutskagl.com,1
scuxerionirkutskagl.com,1
imwberionirkutskagl.com,1
iukferionirkutskagl.com,1
gyederionirkutskagl.com,1
sicxerionirkutskagl.com,1
qckrerionirkutskagl.com,1
csajerionirkutskagl.com,1
coelerionirkutskagl.com,1
wmszerionirkutskagl.com,1
gcwberionirkutskagl.com,1
wmkberionirkutskagl.com,1
mouperionirkutskagl.com,1
amqjerionirkutskagl.com,1
maanerionirkutskagl.com,1
qkyverionirkutskagl.com,1
uyyterionirkutskagl.com,1
mamjerionirkutskagl.com,1
gymjerionirkutskagl.com,1
coyterionirkutskagl.com,1
qiiderionirkutskagl.com,1
mmuderionirkutskagl.com,1
ysoverionirkutskagl.com,1
qmsferionirkutskagl.com,1
esiherionirkutskagl.com,1
igwherionirkutskagl.com,1
ucoxerionirkutskagl.com,1
ksclerionirkutskagl.com,1
miwxerionirkutskagl.com,1
muexerionirkutskagl.com,1
suwzerionirkutskagl.com,1
msiberionirkutskagl.com,1
yiixerionirkutskagl.com,1
wcgderionirkutskagl.com,1
ioqperionirkutskagl.com,1
ukiterionirkutskagl.com,1
oeczerionirkutskagl.com,1
omkzerionirkutskagl.com,1
gmgxerionirkutskagl.com,1
cacjerionirkutskagl.com,1
aakxerionirkutskagl.com,1
qconerionirkutskagl.com,1
uikverionirkutskagl.com,1
miglerionirkutskagl.com,1
aiajerionirkutskagl.com,1
wgcberionirkutskagl.com,1
mggferionirkutskagl.com,1
womverionirkutskagl.com,1
iicrerionirkutskagl.com,1
moqterionirkutskagl.com,1
ooiferionirkutskagl.com,1
wsyrerionirkutskagl.com,1
wkqrerionirkutskagl.com,1
kmiperionirkutskagl.com,1
saiverionirkutskagl.com,1
uiinerionirkutskagl.com,1
omkberionirkutskagl.com,1
ousterionirkutskagl.com,1
ggojerionirkutskagl.com,1
ocyjerionirkutskagl.com,1
iwwherionirkutskagl.com,1
syiperionirkutskagl.com,1
gywperionirkutskagl.com,1
kkaderionirkutskagl.com,1
sgqnerionirkutskagl.com,1
qyyjerionirkutskagl.com,1
oaoderionirkutskagl.com,1
uaqlerionirkutskagl.com,1
uqsberionirkutskagl.com,1
uogferionirkutskagl.com,1
meeperionirkutskagl.com,1
syeberionirkutskagl.com,1
ciwxerionirkutskagl.com,1
mamderionirkutskagl.com,1
ogyrerionirkutskagl.com,1
oimherionirkutskagl.com,1
cawferionirkutskagl.com,1
ucsterionirkutskagl.com,1
iouferionirkutskagl.com,1
ukmjerionirkutskagl.com,1
eeaherionirkutskagl.com,1
kmoherionirkutskagl.com,1
qggjerionirkutskagl.com,1
qsoderionirkutskagl.com,1
wqaberionirkutskagl.com,1
ymwperionirkutskagl.com,1
iskrerionirkutskagl.com,1
cmmferionirkutskagl.com,1
oiixerionirkutskagl.com,1
uscperionirkutskagl.com,1
wmcnerionirkutskagl.com,1
ekeperionirkutskagl.com,1
ossberionirkutskagl.com,1
wgaterionirkutskagl.com,1
wmmderionirkutskagl.com,1
yqcberionirkutskagl.com,1
ymiferionirkutskagl.com,1
oayperionirkutskagl.com,1
oyujerionirkutskagl.com,1
usmferionirkutskagl.com,1
kacverionirkutskagl.com,1
mguderionirkutskagl.com,1
cswterionirkutskagl.com,1
kwqberionirkutskagl.com,1
kmkperionirkutskagl.com,1
symferionirkutskagl.com,1
iwsrerionirkutskagl.com,1
wwgrerionirkutskagl.com,1
qmilerionirkutskagl.com,1
umanerionirkutskagl.com,1
ugqferionirkutskagl.com,1
osilerionirkutskagl.com,1
yqgperionirkutskagl.com,1
cmurerionirkutskagl.com,1
aaqperionirkutskagl.com,1
qggperionirkutskagl.com,1
oakterionirkutskagl.com,1
ccorerionirkutskagl.com,1
ukkberionirkutskagl.com,1
iewberionirkutskagl.com,1
macverionirkutskagl.com,1
ioulerionirkutskagl.com,1
google.de,0
hao123.com,0
vk.com,0
instagram.com,0
bing.com,0
reddit.com,0
google.co.uk,0
sohu.com,0
pinterest.com,0
tumblr.com,0
amazon.co.jp,0
wordpress.com,0
google.com.br,0
msn.com,0
google.fr,0
imgur.com,0
paypal.com,0
microsoft.com,0
aliexpress.com,0
apple.com,0
alibaba.com,0
google.ru,0
imdb.com,0
xvideos.com,0
ask.com,0
t.co,0
mail.ru,0
fc2.com,0
google.it,0
adcash.com,0
google.es,0
360.cn,0
amazon.de,0
stackoverflow.com,0
kickass.so,0
163.com,0
netflix.com,0
go.com,0
craigslist.org,0
google.ca,0
onclickads.net,0
google.com.hk,0
naver.com,0
gmw.cn,0
xhamster.com,0
diply.com,0
amazon.cn,0
amazon.co.uk,0
bbc.co.uk,0
googleadservices.com,0
google.com.tr,0
rakuten.co.jp,0
xinhuanet.com,0
pornhub.com,0
cnn.com,0
ebay.de,0
adobe.com,0
flipkart.com,0
soso.com,0
dailymotion.com,0
alipay.com,0
nicovideo.jp,0
google.pl,0
dropbox.com,0
google.com.mx,0
google.com.au,0
espn.go.com,0
jd.com,0
googleusercontent.com,0
cntv.cn,0
huffingtonpost.com,0
blogger.com,0
youku.com,0
chinadaily.com.cn,0
github.com,0
ok.ru,0
google.co.kr,0
indiatimes.com,0
nytimes.com,0
people.com.cn,0
buzzfeed.com,0
pixnet.net,0
dailymail.co.uk,0
livedoor.com,0
ebay.co.uk,0
uol.com.br,0
ziddu.com,0
amazon.in,0
wikia.com,0
google.com.tw,0
tudou.com,0
sogou.com,0
outbrain.com,0
china.com,0
gmail.com,0
booking.com,0
blogspot.in,0
chase.com,0
globo.com,0
ameblo.jp,0
douban.com,0
wordpress.org,0
flickr.com,0
google.com.eg,0
pconline.com.cn,0
amazonaws.com,0
yelp.com,0
vimeo.com,0
ettoday.net,0
xnxx.com,0
salesforce.com,0
themeforest.net,0
google.nl,0
weather.com,0
about.com,0
godaddy.com,0
dmm.co.jp,0
amazon.fr,0
cnet.com,0
etsy.com,0
bankofamerica.com,0
snapdeal.com,0
coccoc.com,0
google.com.pk,0
google.com.ar,0
bp.blogspot.com,0
naver.jp,0
redtube.com,0
daum.net,0
directrev.com,0
theguardian.com,0
youradexchange.com,0
deviantart.com,0
slideshare.net,0
livejournal.com,0
bycontext.com,0
bbc.com,0
forbes.com,0
aol.com,0
youporn.com,0
twitch.tv,0
indeed.com,0
soundcloud.com,0
reference.com,0
amazon.it,0
stackexchange.com,0
walmart.com,0
life.com.tw,0
quora.com,0
livejasmin.com,0
wikihow.com,0
adf.ly,0
feedly.com,0
mozilla.org,0
google.gr,0
wellsfargo.com,0
w3schools.com,0
google.co.za,0
businessinsider.com,0
leboncoin.fr,0
mailchimp.com,0
zol.com.cn,0
loading-delivery1.com,0
china.com.cn,0
ikea.com,0
google.co.id,0
allegro.pl,0
ifeng.com,0
wikimedia.org,0
onet.pl,0
theladbible.com,0
force.com,0
jabong.com,0
google.com.ua,0
zillow.com,0
uaoderionirkutskagl.com,1
igaperionirkutskagl.com,1
momperionirkutskagl.com,1
ouwjerionirkutskagl.com,1
wioperionirkutskagl.com,1
ccmderionirkutskagl.com,1
ccederionirkutskagl.com,1
uaererionirkutskagl.com,1
kcsberionirkutskagl.com,1
wceberionirkutskagl.com,1
oikberionirkutskagl.com,1
squrerionirkutskagl.com,1
oawherionirkutskagl.com,1
accferionirkutskagl.com,1
oomberionirkutskagl.com,1
cwoberionirkutskagl.com,1
gcyverionirkutskagl.com,1
wywferionirkutskagl.com,1
ucwjerionirkutskagl.com,1
csuderionirkutskagl.com,1
owazerionirkutskagl.com,1
gsgferionirkutskagl.com,1
oysberionirkutskagl.com,1
gokzerionirkutskagl.com,1
yiqverionirkutskagl.com,1
qqeperionirkutskagl.com,1
qeyderionirkutskagl.com,1
euqzerionirkutskagl.com,1
qcgnerionirkutskagl.com,1
mqyherionirkutskagl.com,1
eumderionirkutskagl.com,1
smsrerionirkutskagl.com,1
uksjerionirkutskagl.com,1
egkverionirkutskagl.com,1
akwzerionirkutskagl.com,1
yugverionirkutskagl.com,1
gskherionirkutskagl.com,1
kiujerionirkutskagl.com,1
sumzerionirkutskagl.com,1
isuberionirkutskagl.com,1
cewxerionirkutskagl.com,1
iceherionirkutskagl.com,1
cmqverionirkutskagl.com,1
oooverionirkutskagl.com,1
scsverionirkutskagl.com,1
kmulerionirkutskagl.com,1
wcaxerionirkutskagl.com,1
emwlerionirkutskagl.com,1
gyuherionirkutskagl.com,1
amcterionirkutskagl.com,1
uomperionirkutskagl.com,1
ggwperionirkutskagl.com,1
ywwverionirkutskagl.com,1
uiaperionirkutskagl.com,1
gooverionirkutskagl.com,1
mecherionirkutskagl.com,1
sygperionirkutskagl.com,1
usgherionirkutskagl.com,1
giczerionirkutskagl.com,1
ameherionirkutskagl.com,1
sygderionirkutskagl.com,1
uuuperionirkutskagl.com,1
akyjerionirkutskagl.com,1
wawjerionirkutskagl.com,1
sqqberionirkutskagl.com,1
kmsverionirkutskagl.com,1
ekiferionirkutskagl.com,1
mcwperionirkutskagl.com,1
icaverionirkutskagl.com,1
mcwverionirkutskagl.com,1
oigperionirkutskagl.com,1
aoulerionirkutskagl.com,1
eacterionirkutskagl.com,1
emyrerionirkutskagl.com,1
ygeterionirkutskagl.com,1
iwmverionirkutskagl.com,1
eacberionirkutskagl.com,1
maglerionirkutskagl.com,1
iesjerionirkutskagl.com,1
ukqberionirkutskagl.com,1
wqmxerionirkutskagl.com,1
usexerionirkutskagl.com,1
omaberionirkutskagl.com,1
aakferionirkutskagl.com,1
oskperionirkutskagl.com,1
smmnerionirkutskagl.com,1
eawrerionirkutskagl.com,1
qignerionirkutskagl.com,1
oiwherionirkutskagl.com,1
uuglerionirkutskagl.com,1
smgperionirkutskagl.com,1
qocrerionirkutskagl.com,1
igoperionirkutskagl.com,1
kmgverionirkutskagl.com,1
mgsperionirkutskagl.com,1
oygterionirkutskagl.com,1
wyuxerionirkutskagl.com,1
esajerionirkutskagl.com,1
uysxerionirkutskagl.com,1
yeszerionirkutskagl.com,1
uusherionirkutskagl.com,1
wewxerionirkutskagl.com,1
cmqperionirkutskagl.com,1
oeizerionirkutskagl.com,1
gugperionirkutskagl.com,1
yisterionirkutskagl.com,1
iumverionirkutskagl.com,1
qcmrerionirkutskagl.com,1
iymperionirkutskagl.com,1
acaberionirkutskagl.com,1
wyozerionirkutskagl.com,1
eaexerionirkutskagl.com,1
oyaverionirkutskagl.com,1
wgujerionirkutskagl.com,1
osoferionirkutskagl.com,1
yuglerionirkutskagl.com,1
sugterionirkutskagl.com,1
cmklerionirkutskagl.com,1
swyterionirkutskagl.com,1
uayterionirkutskagl.com,1
gganerionirkutskagl.com,1
ecexerionirkutskagl.com,1
yuklerionirkutskagl.com,1
wcmterionirkutskagl.com,1
mwkxerionirkutskagl.com,1
kumnerionirkutskagl.com,1
ssaferionirkutskagl.com,1
misperionirkutskagl.com,1
ocijerionirkutskagl.com,1
asajerionirkutskagl.com,1
omgferionirkutskagl.com,1
eymferionirkutskagl.com,1
uiyherionirkutskagl.com,1
miaferionirkutskagl.com,1
uieperionirkutskagl.com,1
cmijerionirkutskagl.com,1
coqperionirkutskagl.com,1
csklerionirkutskagl.com,1
gwqterionirkutskagl.com,1
yywrerionirkutskagl.com,1
ksyperionirkutskagl.com,1
oacferionirkutskagl.com,1
muwterionirkutskagl.com,1
icqherionirkutskagl.com,1
iuajerionirkutskagl.com,1
auuherionirkutskagl.com,1
wiuterionirkutskagl.com,1
smiberionirkutskagl.com,1
yqulerionirkutskagl.com,1
eyurerionirkutskagl.com,1
ggsterionirkutskagl.com,1
esejerionirkutskagl.com,1
auulerionirkutskagl.com,1
ouqxerionirkutskagl.com,1
wckberionirkutskagl.com,1
skqjerionirkutskagl.com,1
eucherionirkutskagl.com,1
ykyherionirkutskagl.com,1
mqkterionirkutskagl.com,1
ocwherionirkutskagl.com,1
yosxerionirkutskagl.com,1
kqenerionirkutskagl.com,1
iycverionirkutskagl.com,1
csmnerionirkutskagl.com,1
muyberionirkutskagl.com,1
yioherionirkutskagl.com,1
yssnerionirkutskagl.com,1
eseferionirkutskagl.com,1
acenerionirkutskagl.com,1
aecderionirkutskagl.com,1
qiyberionirkutskagl.com,1
sogzerionirkutskagl.com,1
cuoberionirkutskagl.com,1
egererionirkutskagl.com,1
sguderionirkutskagl.com,1
mwgherionirkutskagl.com,1
oscperionirkutskagl.com,1
muiperionirkutskagl.com,1
esgterionirkutskagl.com,1
uacxerionirkutskagl.com,1
ykgnerionirkutskagl.com,1
cowrerionirkutskagl.com,1
aewferionirkutskagl.com,1
cuoferionirkutskagl.com,1
ceqrerionirkutskagl.com,1
oualerionirkutskagl.com,1
ooixerionirkutskagl.com,1
muiterionirkutskagl.com,1
seclerionirkutskagl.com,1
saiderionirkutskagl.com,1
qkwperionirkutskagl.com,1
osuderionirkutskagl.com,1
qcoterionirkutskagl.com,1
cmezerionirkutskagl.com,1
sseferionirkutskagl.com,1
gsqzerionirkutskagl.com,1
gowberionirkutskagl.com,1
keaherionirkutskagl.com,1
soixerionirkutskagl.com,1
kqcderionirkutskagl.com,1
usoterionirkutskagl.com,1
eiuherionirkutskagl.com,1
ckgherionirkutskagl.com,1
qyejerionirkutskagl.com,1
uauderionirkutskagl.com,1
qasferionirkutskagl.com,1
kuqnerionirkutskagl.com,1
yymperionirkutskagl.com,1
qkuferionirkutskagl.com,1
gmyzerionirkutskagl.com,1
ueqferionirkutskagl.com,1
swcberionirkutskagl.com,1
akiverionirkutskagl.com,1
sqaherionirkutskagl.com,1
kekferionirkutskagl.com,1
miqferionirkutskagl.com,1
meqderionirkutskagl.com,1
ogczerionirkutskagl.com,1
akolerionirkutskagl.com,1
eqaterionirkutskagl.com,1
omsverionirkutskagl.com,1
ggiferionirkutskagl.com,1
iqsverionirkutskagl.com,1
ugezerionirkutskagl.com,1
eeyverionirkutskagl.com,1
mimverionirkutskagl.com,1
cksderionirkutskagl.com,1
cyynerionirkutskagl.com,1
gmmverionirkutskagl.com,1
swkverionirkutskagl.com,1
ieaperionirkutskagl.com,1
oqqjerionirkutskagl.com,1
kysrerionirkutskagl.com,1
qokrerionirkutskagl.com,1
koiberionirkutskagl.com,1
qcsderionirkutskagl.com,1
ckolerionirkutskagl.com,1
wyonerionirkutskagl.com,1
wqqderionirkutskagl.com,1
ugererionirkutskagl.com,1
gcgverionirkutskagl.com,1
eayterionirkutskagl.com,1
ckoderionirkutskagl.com,1
yeaderionirkutskagl.com,1
mwkterionirkutskagl.com,1
yasderionirkutskagl.com,1
ecgferionirkutskagl.com,1
oyiverionirkutskagl.com,1
asaferionirkutskagl.com,1
eemzerionirkutskagl.com,1
ocslerionirkutskagl.com,1
gycverionirkutskagl.com,1
qyujerionirkutskagl.com,1
yekrerionirkutskagl.com,1
aogjerionirkutskagl.com,1
aaeterionirkutskagl.com,1
aiynerionirkutskagl.com,1
kkyterionirkutskagl.com,1
oacverionirkutskagl.com,1
ymaxerionirkutskagl.com,1
gswterionirkutskagl.com,1
owuberionirkutskagl.com,1
wmsperionirkutskagl.com,1
wgizerionirkutskagl.com,1
wcwzerionirkutskagl.com,1
uccberionirkutskagl.com,1
ceaferionirkutskagl.com,1
akarerionirkutskagl.com,1
qqujerionirkutskagl.com,1
iquperionirkutskagl.com,1
ikkberionirkutskagl.com,1
ayijerionirkutskagl.com,1
mowderionirkutskagl.com,1
aaczerionirkutskagl.com,1
ysgnerionirkutskagl.com,1
kmcferionirkutskagl.com,1
ouiherionirkutskagl.com,1
gucperionirkutskagl.com,1
mwmverionirkutskagl.com,1
cokjerionirkutskagl.com,1
qsazerionirkutskagl.com,1
wmuferionirkutskagl.com,1
yiezerionirkutskagl.com,1
qgszerionirkutskagl.com,1
cuuxerionirkutskagl.com,1
cyunerionirkutskagl.com,1
wacperionirkutskagl.com,1
qsgterionirkutskagl.com,1
kkyxerionirkutskagl.com,1
akeferionirkutskagl.com,1
ueuverionirkutskagl.com,1
yiclerionirkutskagl.com,1
cwaxerionirkutskagl.com,1
ssmjerionirkutskagl.com,1
mgaperionirkutskagl.com,1
aqolerionirkutskagl.com,1
sowberionirkutskagl.com,1
kosperionirkutskagl.com,1
wgqferionirkutskagl.com,1
iaclerionirkutskagl.com,1
gucterionirkutskagl.com,1
cicberionirkutskagl.com,1
yeexerionirkutskagl.com,1
oggrerionirkutskagl.com,1
wuklerionirkutskagl.com,1
ugejerionirkutskagl.com,1
uuererionirkutskagl.com,1
gcmterionirkutskagl.com,1
icuderionirkutskagl.com,1
ueyjerionirkutskagl.com,1
gciderionirkutskagl.com,1
kwejerionirkutskagl.com,1
ieaherionirkutskagl.com,1
ugaberionirkutskagl.com,1
gciherionirkutskagl.com,1
omsferionirkutskagl.com,1
miqrerionirkutskagl.com,1
kaqzerionirkutskagl.com,1
eimherionirkutskagl.com,1
gmoderionirkutskagl.com,1
semberionirkutskagl.com,1
mayverionirkutskagl.com,1
cegperionirkutskagl.com,1
aqsherionirkutskagl.com,1
oiyjerionirkutskagl.com,1
oyeferionirkutskagl.com,1
qqynerionirkutskagl.com,1
yksjerionirkutskagl.com,1
yomzerionirkutskagl.com,1
qoixerionirkutskagl.com,1
eeqrerionirkutskagl.com,1
smcderionirkutskagl.com,1
cuwjerionirkutskagl.com,1
eikrerionirkutskagl.com,1
esqferionirkutskagl.com,1
meulerionirkutskagl.com,1
ekwnerionirkutskagl.com,1
mqmnerionirkutskagl.com,1
ikcverionirkutskagl.com,1
skknerionirkutskagl.com,1
eugperionirkutskagl.com,1
ycaherionirkutskagl.com,1
mgcferionirkutskagl.com,1
myaferionirkutskagl.com,1
acqlerionirkutskagl.com,1
gqiverionirkutskagl.com,1
iemperionirkutskagl.com,1
yqqherionirkutskagl.com,1
iqujerionirkutskagl.com,1
eagherionirkutskagl.com,1
ycsberionirkutskagl.com,1
cqcherionirkutskagl.com,1
gusderionirkutskagl.com,1
oweterionirkutskagl.com,1
aiylerionirkutskagl.com,1
ieylerionirkutskagl.com,1
ccyjerionirkutskagl.com,1
wkiperionirkutskagl.com,1
yicjerionirkutskagl.com,1
yeolerionirkutskagl.com,1
yuqberionirkutskagl.com,1
kqazerionirkutskagl.com,1
gkaverionirkutskagl.com,1
qkqzerionirkutskagl.com,1
wqqverionirkutskagl.com,1
cmmberionirkutskagl.com,1
uiwberionirkutskagl.com,1
uwqxerionirkutskagl.com,1
ckirerionirkutskagl.com,1
uwkzerionirkutskagl.com,1
iomderionirkutskagl.com,1
aqorerionirkutskagl.com,1
csiferionirkutskagl.com,1
ucklerionirkutskagl.com,1
ekkrerionirkutskagl.com,1
cquherionirkutskagl.com,1
eoenerionirkutskagl.com,1
mkenerionirkutskagl.com,1
ycmderionirkutskagl.com,1
umalerionirkutskagl.com,1
eaonerionirkutskagl.com,1
iyqherionirkutskagl.com,1
owwterionirkutskagl.com,1
ecezerionirkutskagl.com,1
qmoferionirkutskagl.com,1
iqqzerionirkutskagl.com,1
ykcderionirkutskagl.com,1
ckcterionirkutskagl.com,1
skazerionirkutskagl.com,1
eeuferionirkutskagl.com,1
wwgverionirkutskagl.com,1
myilerionirkutskagl.com,1
yagferionirkutskagl.com,1
eeclerionirkutskagl.com,1
yeuperionirkutskagl.com,1
misrerionirkutskagl.com,1
maaderionirkutskagl.com,1
gkyterionirkutskagl.com,1
wogberionirkutskagl.com,1
yusjerionirkutskagl.com,1
ceuzerionirkutskagl.com,1
qayferionirkutskagl.com,1
sicherionirkutskagl.com,1
ceuterionirkutskagl.com,1
ekclerionirkutskagl.com,1
qowlerionirkutskagl.com,1
eqyperionirkutskagl.com,1
aqcverionirkutskagl.com,1
ywgterionirkutskagl.com,1
gosjerionirkutskagl.com,1
oiaperionirkutskagl.com,1
siwjerionirkutskagl.com,1
yqyterionirkutskagl.com,1
akkherionirkutskagl.com,1
qimderionirkutskagl.com,1
agqferionirkutskagl.com,1
weurerionirkutskagl.com,1
iguperionirkutskagl.com,1
saojerionirkutskagl.com,1
mqsferionirkutskagl.com,1
cweperionirkutskagl.com,1
gkyherionirkutskagl.com,1
syolerionirkutskagl.com,1
keczerionirkutskagl.com,1
qkiterionirkutskagl.com,1
koyrerionirkutskagl.com,1
megberionirkutskagl.com,1
mkwnerionirkutskagl.com,1
kcwverionirkutskagl.com,1
ikujerionirkutskagl.com,1
ceqderionirkutskagl.com,1
swqzerionirkutskagl.com,1
yyyberionirkutskagl.com,1
oewlerionirkutskagl.com,1
keuterionirkutskagl.com,1
kkmberionirkutskagl.com,1
akmverionirkutskagl.com,1
aecherionirkutskagl.com,1
iskperionirkutskagl.com,1
kwqlerionirkutskagl.com,1
uwmherionirkutskagl.com,1
sqeperionirkutskagl.com,1
oqclerionirkutskagl.com,1
gmcxerionirkutskagl.com,1
aagxerionirkutskagl.com,1
qkcjerionirkutskagl.com,1
sucverionirkutskagl.com,1
amorerionirkutskagl.com,1
aqexerionirkutskagl.com,1
qwererionirkutskagl.com,1
yaexerionirkutskagl.com,1
ekulerionirkutskagl.com,1
sogrerionirkutskagl.com,1
wwclerionirkutskagl.com,1
umunerionirkutskagl.com,1
uigperionirkutskagl.com,1
aksberionirkutskagl.com,1
gccjerionirkutskagl.com,1
ksuverionirkutskagl.com,1
yqaverionirkutskagl.com,1
scyxerionirkutskagl.com,1
mkuferionirkutskagl.com,1
swaberionirkutskagl.com,1
aewderionirkutskagl.com,1
kusnerionirkutskagl.com,1
qkexerionirkutskagl.com,1
kcunerionirkutskagl.com,1
msmherionirkutskagl.com,1
iqmxerionirkutskagl.com,1
youxerionirkutskagl.com,1
ucqjerionirkutskagl.com,1
womzerionirkutskagl.com,1
ssyxerionirkutskagl.com,1
goeferionirkutskagl.com,1
gaererionirkutskagl.com,1
egeterionirkutskagl.com,1
kesferionirkutskagl.com,1
mqoperionirkutskagl.com,1
agcberionirkutskagl.com,1
wgwterionirkutskagl.com,1
oymterionirkutskagl.com,1
yqsperionirkutskagl.com,1
wqiderionirkutskagl.com,1
emoberionirkutskagl.com,1
aeyrerionirkutskagl.com,1
wwaderionirkutskagl.com,1
gqulerionirkutskagl.com,1
ocelerionirkutskagl.com,1
aeeperionirkutskagl.com,1
kqwderionirkutskagl.com,1
wmoherionirkutskagl.com,1
wwczerionirkutskagl.com,1
awanerionirkutskagl.com,1
qeoferionirkutskagl.com,1
wmmzerionirkutskagl.com,1
ceqjerionirkutskagl.com,1
wyuterionirkutskagl.com,1
ywonerionirkutskagl.com,1
uegberionirkutskagl.com,1
ywwterionirkutskagl.com,1
eguxerionirkutskagl.com,1
skmjerionirkutskagl.com,1
geaperionirkutskagl.com,1
cqalerionirkutskagl.com,1
oqcferionirkutskagl.com,1
cqaterionirkutskagl.com,1
oeoferionirkutskagl.com,1
swuderionirkutskagl.com,1
qwoferionirkutskagl.com,1
iwinerionirkutskagl.com,1
emuzerionirkutskagl.com,1
ucuzerionirkutskagl.com,1
aeuverionirkutskagl.com,1
okqherionirkutskagl.com,1
gekderionirkutskagl.com,1
sykverionirkutskagl.com,1
qkaverionirkutskagl.com,1
wmkrerionirkutskagl.com,1
iwsjerionirkutskagl.com,1
gasverionirkutskagl.com,1
qwmlerionirkutskagl.com,1
qwmferionirkutskagl.com,1
ckcherionirkutskagl.com,1
eqyjerionirkutskagl.com,1
uweberionirkutskagl.com,1
mygverionirkutskagl.com,1
gwgverionirkutskagl.com,1
cwqzerionirkutskagl.com,1
owczerionirkutskagl.com,1
qqaperionirkutskagl.com,1
waqzerionirkutskagl.com,1
mcsxerionirkutskagl.com,1
wsqjerionirkutskagl.com,1
iccberionirkutskagl.com,1
iswlerionirkutskagl.com,1
gwcxerionirkutskagl.com,1
skejerionirkutskagl.com,1
askverionirkutskagl.com,1
yiwlerionirkutskagl.com,1
ukmherionirkutskagl.com,1
yucxerionirkutskagl.com,1
mkiderionirkutskagl.com,1
akwderionirkutskagl.com,1
gyqherionirkutskagl.com,1
cgeterionirkutskagl.com,1
uamterionirkutskagl.com,1
meczerionirkutskagl.com,1
qeujerionirkutskagl.com,1
oyyherionirkutskagl.com,1
uqyjerionirkutskagl.com,1
ykaberionirkutskagl.com,1
uegperionirkutskagl.com,1
egqperionirkutskagl.com,1
egkrerionirkutskagl.com,1
gyqperionirkutskagl.com,1
cwwderionirkutskagl.com,1
yeynerionirkutskagl.com,1
wesderionirkutskagl.com,1
okurerionirkutskagl.com,1
ywwzerionirkutskagl.com,1
oyynerionirkutskagl.com,1
iwolerionirkutskagl.com,1
aeoxerionirkutskagl.com,1
sumjerionirkutskagl.com,1
mcwnerionirkutskagl.com,1
ekixerionirkutskagl.com,1
ceyderionirkutskagl.com,1
euoverionirkutskagl.com,1
equnerionirkutskagl.com,1
qmmperionirkutskagl.com,1
cqgxerionirkutskagl.com,1
mgqjerionirkutskagl.com,1
kkcherionirkutskagl.com,1
kggverionirkutskagl.com,1
useterionirkutskagl.com,1
cqiferionirkutskagl.com,1
wwklerionirkutskagl.com,1
weqberionirkutskagl.com,1
ukqjerionirkutskagl.com,1
wmelerionirkutskagl.com,1
iaczerionirkutskagl.com,1
kcwterionirkutskagl.com,1
kyirerionirkutskagl.com,1
uoqferionirkutskagl.com,1
quoherionirkutskagl.com,1
qomverionirkutskagl.com,1
kcqverionirkutskagl.com,1
sgqjerionirkutskagl.com,1
gasterionirkutskagl.com,1
mcgzerionirkutskagl.com,1
syilerionirkutskagl.com,1
scwnerionirkutskagl.com,1
ickperionirkutskagl.com,1
aswperionirkutskagl.com,1
kosrerionirkutskagl.com,1
cuuzerionirkutskagl.com,1
oswlerionirkutskagl.com,1
qycverionirkutskagl.com,1
camferionirkutskagl.com,1
oasnerionirkutskagl.com,1
owmxerionirkutskagl.com,1
cuolerionirkutskagl.com,1
amunerionirkutskagl.com,1
cmkrerionirkutskagl.com,1
ouqnerionirkutskagl.com,1
ggmperionirkutskagl.com,1
qgqrerionirkutskagl.com,1
cswberionirkutskagl.com,1
eaeberionirkutskagl.com,1
gmsberionirkutskagl.com,1
skmterionirkutskagl.com,1
occferionirkutskagl.com,1
omcperionirkutskagl.com,1
usclerionirkutskagl.com,1
ccazerionirkutskagl.com,1
qgcherionirkutskagl.com,1
ygqlerionirkutskagl.com,1
gyyterionirkutskagl.com,1
igwverionirkutskagl.com,1
qccterionirkutskagl.com,1
wyeferionirkutskagl.com,1
ciezerionirkutskagl.com,1
iasferionirkutskagl.com,1
yogberionirkutskagl.com,1
siwherionirkutskagl.com,1
ausderionirkutskagl.com,1
wmkverionirkutskagl.com,1
sksrerionirkutskagl.com,1
aiererionirkutskagl.com,1
usiderionirkutskagl.com,1
ouoperionirkutskagl.com,1
qomferionirkutskagl.com,1
sugjerionirkutskagl.com,1
asilerionirkutskagl.com,1
kygderionirkutskagl.com,1
aooperionirkutskagl.com,1
acmterionirkutskagl.com,1
gcyrerionirkutskagl.com,1
omolerionirkutskagl.com,1
qmqrerionirkutskagl.com,1
goiderionirkutskagl.com,1
kouderionirkutskagl.com,1
quejerionirkutskagl.com,1
igalerionirkutskagl.com,1
saezerionirkutskagl.com,1
wskperionirkutskagl.com,1
iyoxerionirkutskagl.com,1
mygberionirkutskagl.com,1
cwiberionirkutskagl.com,1
yemrerionirkutskagl.com,1
kuqderionirkutskagl.com,1
egiherionirkutskagl.com,1
iyyferionirkutskagl.com,1
oianerionirkutskagl.com,1
kgmderionirkutskagl.com,1
wwelerionirkutskagl.com,1
qcozerionirkutskagl.com,1
aewxerionirkutskagl.com,1
gagrerionirkutskagl.com,1
iigjerionirkutskagl.com,1
gmwberionirkutskagl.com,1
gusberionirkutskagl.com,1
wyurerionirkutskagl.com,1
sgcjerionirkutskagl.com,1
qggherionirkutskagl.com,1
mcqxerionirkutskagl.com,1
gqsherionirkutskagl.com,1
koiderionirkutskagl.com,1
mkelerionirkutskagl.com,1
esiperionirkutskagl.com,1
ueqxerionirkutskagl.com,1
mwwjerionirkutskagl.com,1
meiferionirkutskagl.com,1
qgmferionirkutskagl.com,1
qiiverionirkutskagl.com,1
eooderionirkutskagl.com,1
kawzerionirkutskagl.com,1
kqcverionirkutskagl.com,1
wqkperionirkutskagl.com,1
ickderionirkutskagl.com,1
oioberionirkutskagl.com,1
sainerionirkutskagl.com,1
wysperionirkutskagl.com,1
kogverionirkutskagl.com,1
wyqberionirkutskagl.com,1
icmrerionirkutskagl.com,1
eueperionirkutskagl.com,1
ymgxerionirkutskagl.com,1
goeherionirkutskagl.com,1
cmwherionirkutskagl.com,1
siqnerionirkutskagl.com,1
mkunerionirkutskagl.com,1
uyyperionirkutskagl.com,1
ukyxerionirkutskagl.com,1
aakperionirkutskagl.com,1
mwyxerionirkutskagl.com,1
ocyperionirkutskagl.com,1
ywkberionirkutskagl.com,1
yawverionirkutskagl.com,1
oecrerionirkutskagl.com,1
usoberionirkutskagl.com,1
yocferionirkutskagl.com,1
sgaxerionirkutskagl.com,1
iyuberionirkutskagl.com,1
kqwherionirkutskagl.com,1
uwizerionirkutskagl.com,1
qsmperionirkutskagl.com,1
gkizerionirkutskagl.com,1
agklerionirkutskagl.com,1
wgsverionirkutskagl.com,1
kiiherionirkutskagl.com,1
kcwxerionirkutskagl.com,1
imuterionirkutskagl.com,1
eqclerionirkutskagl.com,1
kyoterionirkutskagl.com,1
aecverionirkutskagl.com,1
eskjerionirkutskagl.com,1
aiyherionirkutskagl.com,1
keinerionirkutskagl.com,1
osaherionirkutskagl.com,1
kgwrerionirkutskagl.com,1
yeiberionirkutskagl.com,1
yosrerionirkutskagl.com,1
ysarerionirkutskagl.com,1
wecderionirkutskagl.com,1
cyozerionirkutskagl.com,1
weclerionirkutskagl.com,1
gqiberionirkutskagl.com,1
ucejerionirkutskagl.com,1
ymcherionirkutskagl.com,1
amurerionirkutskagl.com,1
ckyxerionirkutskagl.com,1
okgjerionirkutskagl.com,1
gqijerionirkutskagl.com,1
qyqlerionirkutskagl.com,1
kwgnerionirkutskagl.com,1
skwferionirkutskagl.com,1
kcaherionirkutskagl.com,1
oaeverionirkutskagl.com,1
cicperionirkutskagl.com,1
kqynerionirkutskagl.com,1
aqonerionirkutskagl.com,1
uayrerionirkutskagl.com,1
sikperionirkutskagl.com,1
cykzerionirkutskagl.com,1
igsjerionirkutskagl.com,1
eyyherionirkutskagl.com,1
acmxerionirkutskagl.com,1
gkererionirkutskagl.com,1
iaiderionirkutskagl.com,1
qyuterionirkutskagl.com,1
ewgderionirkutskagl.com,1
iokrerionirkutskagl.com,1
kmererionirkutskagl.com,1
ysmverionirkutskagl.com,1
oqsberionirkutskagl.com,1
sqcxerionirkutskagl.com,1
cywverionirkutskagl.com,1
misnerionirkutskagl.com,1
uyclerionirkutskagl.com,1
ogmnerionirkutskagl.com,1
wgqxerionirkutskagl.com,1
mwuherionirkutskagl.com,1
uyarerionirkutskagl.com,1
okiperionirkutskagl.com,1
ykmrerionirkutskagl.com,1
ogejerionirkutskagl.com,1
quyverionirkutskagl.com,1
mqiterionirkutskagl.com,1
ygsverionirkutskagl.com,1
qiclerionirkutskagl.com,1
oiuterionirkutskagl.com,1
iyeverionirkutskagl.com,1
eqejerionirkutskagl.com,1
gwqrerionirkutskagl.com,1
eywnerionirkutskagl.com,1
mgcxerionirkutskagl.com,1
oygnerionirkutskagl.com,1
iocnerionirkutskagl.com,1
ywgberionirkutskagl.com,1
kmazerionirkutskagl.com,1
ikolerionirkutskagl.com,1
wygherionirkutskagl.com,1
gmqderionirkutskagl.com,1
ioilerionirkutskagl.com,1
uwoherionirkutskagl.com,1
ssoberionirkutskagl.com,1
giwderionirkutskagl.com,1
yoqxerionirkutskagl.com,1
gyanerionirkutskagl.com,1
qgujerionirkutskagl.com,1
cgsherionirkutskagl.com,1
isclerionirkutskagl.com,1
ckulerionirkutskagl.com,1
omqferionirkutskagl.com,1
mmkderionirkutskagl.com,1
sskzerionirkutskagl.com,1
seknerionirkutskagl.com,1
mqgjerionirkutskagl.com,1
swkperionirkutskagl.com,1
iqynerionirkutskagl.com,1
icslerionirkutskagl.com,1
qqwferionirkutskagl.com,1
cysrerionirkutskagl.com,1
gugjerionirkutskagl.com,1
cscjerionirkutskagl.com,1
smaderionirkutskagl.com,1
omwderionirkutskagl.com,1
aocterionirkutskagl.com,1
mqaxerionirkutskagl.com,1
ykurerionirkutskagl.com,1
smelerionirkutskagl.com,1
eesrerionirkutskagl.com,1
moyherionirkutskagl.com,1
uucverionirkutskagl.com,1
gciferionirkutskagl.com,1
kuyherionirkutskagl.com,1
qoklerionirkutskagl.com,1
mssherionirkutskagl.com,1
wcqzerionirkutskagl.com,1
iuqlerionirkutskagl.com,1
iqwperionirkutskagl.com,1
isaferionirkutskagl.com,1
mmkxerionirkutskagl.com,1
mqeherionirkutskagl.com,1
sosderionirkutskagl.com,1
waaherionirkutskagl.com,1
kwcverionirkutskagl.com,1
qgslerionirkutskagl.com,1
ciaberionirkutskagl.com,1
uciberionirkutskagl.com,1
ecaferionirkutskagl.com,1
mmiverionirkutskagl.com,1
mceperionirkutskagl.com,1
cakherionirkutskagl.com,1
yksperionirkutskagl.com,1
ikkherionirkutskagl.com,1
oqonerionirkutskagl.com,1
okcrerionirkutskagl.com,1
ewkderionirkutskagl.com,1
mwonerionirkutskagl.com,1
kiederionirkutskagl.com,1
yomherionirkutskagl.com,1
usyperionirkutskagl.com,1
ogiverionirkutskagl.com,1
google.com,0
facebook.com,0
youtube.com,0
yahoo.com,0
baidu.com,0
wikipedia.org,0
amazon.com,0
twitter.com,0
taobao.com,0
qq.com,0
google.co.in,0
live.com,0
linkedin.com,0
sina.com.cn,0
weibo.com,0
yahoo.co.jp,0
tmall.com,0
yandex.ru,0
blogspot.com,0
ebay.com,0
google.co.jp,0
blogfa.com,0
bestbuy.com,0
goo.ne.jp,0
xcar.com.cn,0
9gag.com,0
tripadvisor.com,0
popads.net,0
ndtv.com,0
archive.org,0
files.wordpress.com,0
foxnews.com,0
washingtonpost.com,0
sourceforge.net,0
pixiv.net,0
mystart.com,0
intuit.com,0
espncricinfo.com,0
dmm.com,0
tubecup.com,0
torrentz.eu,0
secureserver.net,0
google.be,0
ups.com,0
ilividnewtab.com,0
mediafire.com,0
kakaku.com,0
usps.com,0
web.de,0
google.com.co,0
mashable.com,0
smzdm.com,0
gfycat.com,0
google.ro,0
google.com.vn,0
huanqiu.com,0
skype.com,0
amazon.es,0
vice.com,0
gmx.net,0
tianya.cn,0
b5m.com,0
ppomppu.co.kr,0
nih.gov,0
abs-cbnnews.com,0
telegraph.co.uk,0
rambler.ru,0
google.se,0
google.cn,0
americanexpress.com,0
xuite.net,0
orange.fr,0
comcast.net,0
shutterstock.com,0
avito.ru,0
google.com.sa,0
zhihu.com,0
mercadolivre.com.br,0
wsj.com,0
haosou.com,0
weebly.com,0
doorblog.jp,0
akamaihd.net,0
stumbleupon.com,0
google.at,0
badoo.com,0
target.com,0
usatoday.com,0
google.com.sg,0
chinatimes.com,0
theadgateway.com,0
microsoftonline.com,0
icicibank.com,0
google.com.ng,0
ign.com,0
bet365.com,0
bleacherreport.com,0
wp.pl,0
quikr.com,0
likes.com,0
wix.com,0
goodreads.com,0
media.tumblr.com,0
google.pt,0
pandora.com,0
groupon.com,0
slickdeals.net,0
hootsuite.com,0
rutracker.org,0
iqiyi.com,0
rediff.com,0
avg.com,0
hdfcbank.com,0
ask.fm,0
mama.cn,0
gome.com.cn,0
spiegel.de,0
bild.de,0
wordreference.com,0
pchome.net,0
aili.com,0
lifehacker.com,0
softonic.com,0
webmd.com,0
engadget.com,0
gameforge.com,0
pclady.com.cn,0
google.com.my,0
hulu.com,0
caijing.com.cn,0
addthis.com,0
hp.com,0
bloomberg.com,0
steamcommunity.com,0
wow.com,0
t-online.de,0
accuweather.com,0
liveinternet.ru,0
seznam.cz,0
fedex.com,0
youth.cn,0
rbc.ru,0
taboola.com,0
tube8.com,0
steampowered.com,0
hupu.com,0
office.com,0
github.io,0
varzesh3.com,0
warmmovie.com,0
speedtest.net,0
google.ch,0
bilibili.com,0
newegg.com,0
amazon.ca,0
hurriyet.com.tr,0
gizmodo.com,0
webssearches.com,0
dell.com,0
reimageplus.com,0
omiga-plus.com,0
fiverr.com,0
kompas.com,0
evernote.com,0
trello.com,0
techcrunch.com,0
moz.com,0
java.com,0
zendesk.com,0
photobucket.com,0
doublepimp.com,0
39.net,0
homedepot.com,0
youm7.com,0
udn.com,0
gsmarena.com,0
spotify.com,0
ebay.in,0
tistory.com,0
extratorrent.cc,0
reuters.com,0
google.dz,0
meetup.com,0
mobile01.com,0
google.no,0
google.com.pe,0
libero.it,0
ameba.jp,0
codecanyon.net,0
samsung.com,0
google.com.ph,0
milliyet.com.tr,0
google.com.bd,0
nfl.com,0
thefreedictionary.com,0
disqus.com,0
google.cz,0
answers.com,0
capitalone.com,0
googleapis.com,0
time.com,0
rt.com,0
google.co.hu,0
outlook.com,0
teepr.com,0
justdial.com,0
bitly.com,0
thepiratebay.se,0
kickstarter.com,0
twimg.com,0
tmz.com,0
liputan6.com,0
detik.com,0
google.ie,0
faithtap.com,0
babytree.com,0
vipcpms.com,0
xda-developers.com,0
oracle.com,0
theverge.com,0
nba.com,0
battle.net,0
intoday.in,0
google.ae,0
ltn.com.tw,0
google.co.il,0
marca.com,0
ebay.com.au,0
yandex.ua,0
goal.com,0
sahibinden.com,0
onlinesbi.com,0
uploaded.net,0
att.com,0
4shared.com,0
lady8844.com,0
office365.com,0
surveymonkey.com,0
autohome.com.cn,0
csdn.net,0
hudong.com,0
kinopoisk.ru,0
lenta.ru,0
scribd.com,0
kaskus.co.id,0
okcupid.com,0
2ch.net,0
free.fr,0
olx.in,0
in.com,0
gmarket.co.kr,0
irs.gov,0
retailmenot.com,0
expedia.com,0
kouclo.com,0
naukri.com,0
google.co.th,0
taleo.net,0
eksisozluk.com,0
com-annualsurvey.info,0
xe.com,0
cnzz.com,0
myntra.com,0
npr.org,0
cloudfront.net,0
bhaskar.com,0
repubblica.it,0
php.net,0
ebay.it,0
verizonwireless.com,0
whatsapp.com,0
gap.com,0
ganji.com,0
google.fi,0
odesk.com,0
trackingclick.net,0
ce.cn,0
abcnews.go.com,0
hostgator.com,0
chinaz.com,0
kayak.com,0
list-manage.com,0
macys.com,0
mackeeper.com,0
citibank.com,0
blog.jp,0
cookmates.com,0
icloud.com,0
adsrvmedia.net,0
trulia.com,0
livedoor.biz,0
fbcdn.net,0
etao.com,0
rottentomatoes.com,0
eyny.com,0
elpais.com,0
popcash.net,0
pcbaby.com.cn,0
abril.com.br,0
eonline.com,0
ehow.com,0
glassdoor.com,0
jmpdirect01.com,0
enet.com.cn,0
chaturbate.com,0
google.dk,0
asana.com,0
ink361.com,0
woot.com,0
shopclues.com,0
doubleclick.com,0
staticwebdom.com,0
fanli.com,0
gawker.com,0
clickyab.com,0
goodgamestudios.com,0
sberbank.ru,0
constantcontact.com,0
issuu.com,0
mobile.de,0
clien.net,0
wunderground.com,0
independent.co.uk,0
hstpnetwork.com,0
xywy.com,0
mega.co.nz,0
corriere.it,0
urbandictionary.com,0
azlyrics.com,0
domaintools.com,0
nyaa.se,0
nordstrom.com,0
asos.com,0
eastmoney.com,0
ci123.com,0
stamplive.com,0
google.sk,0
liveleak.com,0
nbcnews.com,0
zippyshare.com,0
youdao.com,0
ck101.com,0
elance.com,0
what-character-are-you.com,0
chip.de,0
exoclick.com,0
paytm.com,0
zoho.com,0
gamefaqs.com,0
ucoz.ru,0
hatena.ne.jp,0
elmundo.es,0
statcounter.com,0
mi.com,0
gazeta.pl,0
sex.com,0
privatehomeclips.com,0
donga.com,0
it168.com,0
seesaa.net,0
mirror.co.uk,0
ero-advertising.com,0
drseks.com,0
houzz.com,0
beeg.com,0
slate.com,0
people.com,0
renren.com,0
zing.vn,0
allrecipes.com,0
hotels.com,0
jrj.com.cn,0
lazada.co.id,0
blogimg.jp,0
kijiji.ca,0
wetransfer.com,0
infusionsoft.com,0
mercadolibre.com.ar,0
appledaily.com.tw,0
nydailynews.com,0
aparat.com,0
vine.co,0
goo.gl,0
blog.me,0
udemy.com,0
lemonde.fr,0
vnexpress.net,0
squarespace.com,0
slimspots.com,0
yoka.com,0
trovi.com,0
media1first.com,0
58.com,0
aweber.com,0
tabelog.com,0
youboy.com,0
wired.com,0
6pm.com,0
moneycontrol.com,0
pof.com,0
agoda.com,0
hespress.com,0
irctc.co.in,0
tlbb8.com,0
subito.it,0
xunlei.com,0
overstock.com,0
instructables.com,0
dianping.com,0
kotaku.com,0
olx.pl,0
ig.com.br,0
mixi.jp,0
12306.cn,0
lenovo.com,0
viralnova.com,0
nbcsports.com,0
webtretho.com,0
lightinthebox.com,0
blogspot.jp,0
ca.gov,0
neobux.com,0
staples.com,0
behance.net,0
nike.com,0
jqw.com,0
youtube-mp3.org,0
bodybuilding.com,0
kooora.com,0
verizon.com,0
impress.co.jp,0
styletv.com.cn,0
putlocker.is,0
onedio.com,0
wikiwiki.jp,0
southwest.com,0
kohls.com,0
adp.com,0
shopify.com,0
youjizz.com,0
timeanddate.com,0
foodnetwork.com,0
11st.co.kr,0
lefigaro.fr,0
nifty.com,0
jimdo.com,0
latimes.com,0
discovercard.com,0
airbnb.com,0
box.com,0
semrush.com,0
subscene.com,0
eventbrite.com,0
ria.ru,0
medium.com,0
ancestry.com,0
basecamp.com,0
bluehost.com,0
bestadbid.com,0
fidelity.com,0
stylene.net,0
netdna-cdn.com,0
yhd.com,0
ad120m.com,0
4dsply.com,0
usmagazine.com,0
sh.st,0
taringa.net,0
dsrlte.com,0
soku.com,0
32d1d3b9c.se,0
r10.net,0
google.cl,0
hubspot.com,0
freelotto.com,0
pcgames.com.cn,0
digg.com,0
realtor.com,0
livescore.com,0
entrepreneur.com,0
cracked.com,0
priceline.com,0
sakura.ne.jp,0
myfitnesspal.com,0
drudgereport.com,0
ebay.fr,0
hm.com,0
shaadi.com,0
onlylady.com,0
makemytrip.com,0
haber7.com,0
albawabhnews.com,0
interia.pl,0
17ok.com,0
chron.com,0
terra.com.br,0
slack.com,0
wiktionary.org,0
cnbc.com,0
m-w.com,0
pinimg.com,0
marketwatch.com,0
japanpost.jp,0
histats.com,0
pcmag.com,0
speedanalysis.net,0
folha.uol.com.br,0
leagueoflegends.com,0
firstmediahub.com,0
ashleyrnadison.com,0
sears.com,0
streamcloud.eu,0
asus.com,0
deadspin.com,0
cnblogs.com,0
airtel.in,0
disney.go.com,0
flirchi.com,0
eastday.com,0
dailycooking.com,0
twoo.com,0
costco.com,0
workercn.cn,0
coursera.org,0
gutefrage.net,0
ero-video.net,0
ixxx.com,0
rapidgator.net,0
sbnation.com,0
rednet.cn,0
custhelp.com,0
cookpad.com,0
blackboard.com,0
atwiki.jp,0
voc.com.cn,0
lowes.com,0
oyunskor.com,0
so-net.ne.jp,0
primewire.ag,0
letv.com,0
mint.com,0
bhphotovideo.com,0
google.co.nz,0
yts.re,0
united.com,0
prntscr.com,0
momoshop.com.tw,0
pch.com,0
news.com.au,0
tomshardware.com,0
thehindu.com,0
commentcamarche.net,0
kdnet.net,0
milanuncios.com,0
io9.com,0
chexun.com,0
chinabyte.com,0
weblio.jp,0
cbssports.com,0
vetogate.com,0
savefrom.net,0
swagbucks.com,0
saramin.co.kr,0
anitube.se,0
4399.com,0
filehippo.com,0
virgilio.it,0
vk.me,0
freepik.com,0
sfgate.com,0
4chan.org,0
cdiscount.com,0
babycenter.com,0
siteadvisor.com,0
clicksvenue.com,0
ted.com,0
comcast.com,0
nypost.com,0
blogspot.com.tr,0
www.gov.uk,0
bookmyshow.com,0
e-hentai.org,0
backpage.com,0
vgsgaming-ads.com,0
zulily.com,0
android.com,0
ccb.com,0
cbslocal.com,0
duckduckgo.com,0
suning.com,0
ibm.com,0
habrahabr.ru,0
ticketmaster.com,0
xbox.com,0
biglobe.ne.jp,0
lanacion.com.ar,0
acfun.tv,0
rutor.org,0
free-tv-video-online.me,0
shareasale.com,0
nate.com,0
adme.ru,0
focus.de,0
playstation.com,0
gamepedia.com,0
hh.ru,0
mihanblog.com,0
nikkei.com,0
tagged.com,0
scoop.it,0
match.com,0
mynet.com,0
williamhill.com,0
exblog.jp,0
india.com,0
instructure.com,0
trklnks.com,0
ad6media.fr,0
dangdang.com,0
superuser.com,0
mbtrx.com,0
zappos.com,0
mystartsearch.com,0
jia.com,0
w3.org,0
digikala.com,0
zergnet.com,0
rightmove.co.uk,0
asahi.com,0
ashleymadison.com,0
novinky.cz,0
sky.com,0
mit.edu,0
adplxmd.com,0
blogspot.de,0
altervista.org,0
stanford.edu,0
delta.com,0
kinogo.net,0
stockstar.com,0
nhk.or.jp,0
battlefield.com,0
adultfriendfinder.com,0
billdesk.com,0
fitbit.com,0
academia.edu,0
315che.com,0
xing.com,0
bloglovin.com,0
sulekha.com,0
informer.com,0
tinyurl.com,0
pchome.com.tw,0
europa.eu,0
webex.com,0
livestrong.com,0
v1.cn,0
126.com,0
weather.gov,0
gazeta.ru,0
rd-direct.com,0
tnaflix.com,0
plarium.com,0
facenama.com,0
auction.co.kr,0
ewt.cc,0
sfr.fr,0
reverso.net,0
jezebel.com,0
google.rs,0
google.az,0
coupons.com,0
safehomepage.com,0
ruten.com.tw,0
monster.com,0
torcache.net,0
cisco.com,0
vi-view.com,0
google.lk,0
immobilienscout24.de,0
zara.com,0
sciencedirect.com,0
pagesjaunes.fr,0
farsnews.com,0
clarin.com,0
nhl.com,0
mayoclinic.org,0
itmedia.co.jp,0
hdzog.com,0
prothom-alo.com,0
ringring.vn,0
firstpost.com,0
gyazo.com,0
echo.msk.ru,0
elwatannews.com,0
almasryalyoum.com,0
huaban.com,0
boredpanda.com,0
roblox.com,0
movie4k.to,0
nownews.com,0
atlassian.net,0
lockerdome.com,0
media-fire.org,0
wav.tv,0
dreamstime.com,0
warriorforum.com,0
ebates.com,0
abplive.in,0
olx.com.br,0
myfreecams.com,0
bioyun.com,0
blogspot.ru,0
drtuber.com,0
9gag.tv,0
westernjournalism.com,0
sapo.pt,0
iminent.com,0
cbsnews.com,0
typepad.com,0
k618.cn,0
yandex.com.tr,0
as.com,0
investopedia.com,0
gamespot.com,0
elitedaily.com,0
nationalgeographic.com,0
delta-homes.com,0
netshoes.com.br,0
slrclub.com,0
howtogeek.com,0
usaa.com,0
cbc.ca,0
google.bg,0
google.hr,0
hardsextube.com,0
indianrail.gov.in,0
hubpages.com,0
liveperson.net,0
change.org,0
mercadolibre.com.mx,0
ew.com,0
porn.com,0
rollingstone.com,0
indiamart.com,0
21cn.com,0
thedailybeast.com,0
foursquare.com,0
t-mobile.com,0
motherless.com,0
geocities.jp,0
himado.in,0
jobrapido.com,0
aa.com,0
sabq.org,0
mtv.com,0
wonderlandads.com,0
mynavi.jp,0
allocine.fr,0
2345.com,0
bongacams.com,0
iconosquare.com,0
ultimate-guitar.com,0
istockphoto.com,0
blogspot.mx,0
finstorieslive.com,0
vesti.ru,0
fool.com,0
lequipe.fr,0
thekitchn.com,0
gigacircle.com,0
upworthy.com,0
usbank.com,0
popsugar.com,0
ensonhaber.com,0
caixa.gov.br,0
cnbeta.com,0
yellowpages.com,0
barnesandnoble.com,0
gumtree.com,0
pbs.org,0
ampclicks.com,0
androidcentral.com,0
gazzetta.it,0
friv.com,0
cbs.com,0
tutorialspoint.com,0
tutsplus.com,0
123rf.com,0
infobae.com,0
junbi-tracker.com,0
persianblog.ir,0
makeuseof.com,0
donanimhaber.com,0
indianexpress.com,0
yodobashi.com,0
mackolik.com,0
sonyentertainmentnetwork.com,0
theblaze.com,0
quizlet.com,0
dafont.com,0
yaplakal.com,0
douyutv.com,0
189.cn,0
feng.com,0
salon.com,0
ukr.net,0
marktplaats.nl,0
popmog.com,0
apache.org,0
getbootstrap.com,0
cliponyu.com,0
efix.com,0
24h.com.vn,0
rakuten.ne.jp,0
yam.com,0
techradar.com,0
suara.com,0
itau.com.br,0
harvard.edu,0
leadpages.net,0
iflscience.com,0
sahadan.com,0
conduit.com,0
imagebam.com,0
